Classe;resume;specialskill
Solo;Le Solo est un expert du combat, capable d'utiliser avec maîtrise une grande variété d'armes à feu (pistolets, fusils, mitraillettes) et est mortel au corps à corps (arts martiaux ou bagarre). Il est entraîné à l'athlétisme pour les manœuvres physiques, possède des compétences en furtivité pour les approches discrètes, et a une vigilance constante pour repérer les dangers ou les pièges.;Sens du Combat : Cette capacité spéciale lui confère un bonus à l'Initiative et à la Perspicacité, ce qui fait de lui la personne la plus rapide à réagir dans une situation dangereuse.
Netrunner;Le Netrunner maîtrise parfaitement l'informatique (connaissance des systèmes et programmation). Il sait concevoir et améliorer des cyberdecks et a une compréhension approfondie des bases de la technologie et de l'électronique. Il combine ces connaissances techniques avec une solide éducation générale et une vigilance aiguisée.;Interface : C'est la compétence cruciale qui lui permet de manipuler les programmes d'Interface et d'utiliser les fonctions du Menu du Net, comme localiser des systèmes, lancer des logiciels, ou prendre le contrôle à distance.
Techie;Le Techie a une grande capacité technique, lui permettant de réparer et d'entretenir la technologie de base (moteurs, appareils électriques) et le cyberware. Il est également compétent en électronique. En plus de ces compétences fondamentales, il peut se spécialiser dans des domaines avancés comme la technologie aéronautique (Gyro Tech, Aero Tech, AV Tech), la sécurité électronique ou l'armurerie (Weaponsmith). Il peut également enseigner ces compétences.;Bidouille : Cette compétence de réparation générale lui permet de réparer ou d'altérer temporairement n'importe quel objet pour une durée limitée (1D6 tours par niveau de compétence).
Rockerboy/girl;L'artiste Rockerboy utilise son talent pour la performance et la composition musicale et sait jouer d'un instrument. Il possède un style vestimentaire impeccable et une grande capacité sociale (persuasion, séduction). Il est également capable de se défendre au combat de rue (bagarre) et de naviguer dans la pègre.;Leader Charismatique : C'est l'aptitude à convaincre une foule ou un groupe de personnes de faire la fête ou de se révolter, en s'appuyant sur son charisme.
Nomad;Le Nomad est un expert de la survie en milieu sauvage et possède une grande endurance physique. Il est capable de conduire des véhicules, de réparer la technologie de base, et d'utiliser efficacement les fusils et les armes de mêlée. Il est athlétique et toujours en vigilance contre les dangers de la route.;Famille  : Permet au Nomad de faire appel à de nombreux membres de son grand Pack tribal pour obtenir de l'aide, que ce soit des armes, de l'argent, des informations, ou un soutien militaire.
Cop;Le Cop est entraîné au combat armé (armes de poing) et au corps à corps (bagarre, mêlée). Il est très efficace en recherche (Empathie, Perspicacité). Il est capable d'interroger des suspects et est souvent bien éduqué.;Autorité : Représente sa capacité à intimider ou à contrôler les autres en s'appuyant sur le poids de la Loi et du Gouvernement, lui permettant d'arrêter, de détenir, de confisquer, et d'entrer dans des lieux avec les mandats appropriés.
Corporate;Le Corporate excelle dans la communication sociale (persuasion) et a une grande influence. Il maîtrise l'analyse financière (marché boursier), possède une solide éducation et est expert dans la recherche d'informations. Il maintient un style et une apparence professionnelle.;Ressources : Cette capacité représente l'aptitude à commander les ressources de sa corporation (gardes du corps, véhicules, argent, etc.). Elle est utilisée comme une compétence de persuasion basée sur l'ampleur des ressources demandées.
Medtech;Le Medtech est l'expert des soins médicaux et de la chirurgie. Il est compétent en premiers secours et en pharmaceutique. Il sait diagnostiquer des maladies ou des blessures et a des connaissances étendues en biologie et zoologie. Il a des compétences en CyberTech.;Medical Tech : C'est la compétence spécialisée qui lui permet d'effectuer des interventions chirurgicales majeures et toutes les réparations médicales complexes.
Media;Le Média excelle dans la communication et la composition d'articles/histoires. Il sait interviewer les gens et percevoir les émotions humaines. Il est capable de persuader et de se débrouiller dans le milieu de la rue. Il utilise la photographie et le cinéma pour documenter ses reportages.;Crédibilité : C'est la capacité d'être cru par le public, la police et les personnes puissantes lorsqu'il est dans son rôle. Un haut niveau peut permettre d'exposer des scandales majeurs (de niveau "Watergate").
